<?xml version="1.0" encoding="UTF-8"?>
<config xmlns="http://www.knime.org/2008/09/XMLConfig" xmlns:xsi="http://www.w3.org/2001/XMLSchema-instance" xsi:schemaLocation="http://www.knime.org/2008/09/XMLConfig http://www.knime.org/XMLConfig_2008_09.xsd" key="filestore">
<config key="filestore_keys">
<config key="filestore_key_0">
<entry key="storeUUID" type="xstring" value="4a03a51e-41fb-48b4-8788-f2ed03738257"/>
<entry key="index" type="xint" value="0"/>
<entry key="name" type="xstring" value="7aab92d5-2410-4a73-ad6b-3e70b9560c65"/>
<entry key="iterationIndex" type="xint" value="-1"/>
</config>
</config>
</config>
