<?xml version="1.0" encoding="UTF-8"?>
<config xmlns="http://www.knime.org/2008/09/XMLConfig" xmlns:xsi="http://www.w3.org/2001/XMLSchema-instance" xsi:schemaLocation="http://www.knime.org/2008/09/XMLConfig http://www.knime.org/XMLConfig_2008_09.xsd" key="filestore">
<config key="filestore_keys">
<config key="filestore_key_0">
<entry key="storeUUID" type="xstring" value="50492a95-1aee-4831-80d7-951ff4ade3c6"/>
<entry key="index" type="xint" value="0"/>
<entry key="name" type="xstring" value="d56797fa-4690-4d18-9a34-78f3daf39d3e"/>
<entry key="iterationIndex" type="xint" value="-1"/>
</config>
</config>
</config>
