<?xml version="1.0" encoding="UTF-8"?>
<config xmlns="http://www.knime.org/2008/09/XMLConfig" xmlns:xsi="http://www.w3.org/2001/XMLSchema-instance" xsi:schemaLocation="http://www.knime.org/2008/09/XMLConfig http://www.knime.org/XMLConfig_2008_09.xsd" key="filestore">
<config key="filestore_keys">
<config key="filestore_key_0">
<entry key="storeUUID" type="xstring" value="4bccb38b-c1cc-4c98-a5d1-f8826b43a1b7"/>
<entry key="index" type="xint" value="0"/>
<entry key="name" type="xstring" value="78843af1-d578-4d6c-9c58-fb659e24c507"/>
<entry key="iterationIndex" type="xint" value="-1"/>
</config>
</config>
</config>
