<?xml version="1.0" encoding="UTF-8"?>
<config xmlns="http://www.knime.org/2008/09/XMLConfig" xmlns:xsi="http://www.w3.org/2001/XMLSchema-instance" xsi:schemaLocation="http://www.knime.org/2008/09/XMLConfig http://www.knime.org/XMLConfig_2008_09.xsd" key="filestore">
<config key="filestore_keys">
<config key="filestore_key_0">
<entry key="storeUUID" type="xstring" value="1c9320e7-7f9b-4cd6-bb87-11a6e43f6971"/>
<entry key="index" type="xint" value="0"/>
<entry key="name" type="xstring" value="f3005912-3654-4b3a-97ba-ea21ecfd845a"/>
<entry key="iterationIndex" type="xint" value="-1"/>
</config>
</config>
</config>
