<?xml version="1.0" encoding="UTF-8"?>
<config xmlns="http://www.knime.org/2008/09/XMLConfig" xmlns:xsi="http://www.w3.org/2001/XMLSchema-instance" xsi:schemaLocation="http://www.knime.org/2008/09/XMLConfig http://www.knime.org/XMLConfig_2008_09.xsd" key="filestore">
<config key="filestore_keys">
<config key="filestore_key_0">
<entry key="storeUUID" type="xstring" value="94440c10-0375-40c5-8d9d-bdcea5d3b99f"/>
<entry key="index" type="xint" value="0"/>
<entry key="name" type="xstring" value="96290a9d-b39c-4eb0-9bb0-5276672e2bf9"/>
<entry key="iterationIndex" type="xint" value="-1"/>
</config>
</config>
</config>
