
{
    "version":"3.6.2.v201811051556",
    "created":"2018-11-21 04:56",
    "nodestats":{
        "nodes":[
            {
                "id":"org.knime.base.node.preproc.normalize3.Normalizer3NodeFactory#Normalizer",
                "nrexecs":19,
                "nrfails":0,
                "exectime":956,
                "nrcreated":3,
                "successor":"org.knime.base.node.preproc.normalize.NormalizerDeNodeFactory#Denormalizer"
            },
            {
                "id":"org.knime.python2.nodes.script.Python2ScriptNodeFactory#Python Script (1⇒1)",
                "nrexecs":156,
                "nrfails":15,
                "exectime":1820004,
                "nrcreated":20,
                "successor":"org.knime.base.node.preproc.columnappend.ColumnAppenderNodeFactory#Column Appender"
            },
            {
                "id":"org.knime.base.node.preproc.columnaggregator.ColumnAggregatorNodeFactory#Column Aggregator",
                "nrexecs":1,
                "nrfails":0,
                "exectime":47,
                "nrcreated":3,
                "successor":"n/a"
            },
            {
                "id":"org.knime.base.node.preproc.groupby.GroupByNodeFactory#GroupBy",
                "nrexecs":85,
                "nrfails":0,
                "exectime":795,
                "nrcreated":5,
                "successor":"org.knime.base.node.io.csvwriter.CSVWriterNodeFactory#CSV Writer"
            },
            {
                "id":"org.knime.python2.nodes.learner2.Python2LearnerNodeFactory2#Python Learner",
                "nrexecs":87,
                "nrfails":2,
                "exectime":1816384,
                "nrcreated":0,
                "successor":"org.knime.python2.nodes.predictor2.Python2PredictorNodeFactory2#Python Predictor"
            },
            {
                "id":"org.knime.python2.nodes.predictor2.Python2PredictorNodeFactory2#Python Predictor",
                "nrexecs":105,
                "nrfails":20,
                "exectime":296827,
                "nrcreated":0,
                "successor":"org.knime.base.node.preproc.filter.column.DataColumnSpecFilterNodeFactory#Column Filter"
            },
            {
                "id":"org.knime.base.node.preproc.filter.column.DataColumnSpecFilterNodeFactory#Column Filter",
                "nrexecs":276,
                "nrfails":0,
                "exectime":405,
                "nrcreated":8,
                "successor":"org.knime.python2.nodes.learner2.Python2LearnerNodeFactory2#Python Learner"
            },
            {
                "id":"org.knime.base.node.preproc.rename.RenameNodeFactory#Column Rename",
                "nrexecs":132,
                "nrfails":0,
                "exectime":125,
                "nrcreated":2,
                "successor":"org.knime.base.node.viz.property.color.ColorManager2NodeFactory#Color Manager"
            },
            {
                "id":"org.knime.base.node.preproc.columnappend.ColumnAppenderNodeFactory#Column Appender",
                "nrexecs":82,
                "nrfails":0,
                "exectime":271,
                "nrcreated":1,
                "successor":"org.knime.base.node.preproc.filter.column.DataColumnSpecFilterNodeFactory#Column Filter"
            },
            {
                "id":"org.knime.base.node.preproc.partition.PartitionNodeFactory#Partitioning",
                "nrexecs":50,
                "nrfails":0,
                "exectime":1178,
                "nrcreated":2,
                "successor":"org.knime.base.node.preproc.filter.column.DataColumnSpecFilterNodeFactory#Column Filter"
            },
            {
                "id":"org.knime.base.node.io.filereader.FileReaderNodeFactory#File Reader",
                "nrexecs":38,
                "nrfails":0,
                "exectime":1937,
                "nrcreated":0,
                "successor":"org.knime.python2.nodes.script2in1out.Python2Script2In1OutNodeFactory#Python Script (2⇒1)"
            },
            {
                "id":"org.knime.base.node.rules.engine.RuleEngineFilterNodeFactory#Rule-based Row Filter",
                "nrexecs":33,
                "nrfails":0,
                "exectime":460,
                "nrcreated":0,
                "successor":"org.knime.base.node.preproc.filter.column.DataColumnSpecFilterNodeFactory#Column Filter"
            },
            {
                "id":"org.knime.python2.nodes.variables.Python2VariablesNodeFactory#Python Edit Variable",
                "nrexecs":0,
                "nrfails":0,
                "exectime":0,
                "nrcreated":2,
                "successor":"n/a"
            },
            {
                "id":"org.knime.base.node.flowvariable.injectvariables.InjectVariablesNodeFactory#Inject Variables (Data)",
                "nrexecs":0,
                "nrfails":0,
                "exectime":0,
                "nrcreated":3,
                "successor":"n/a"
            },
            {
                "id":"org.knime.python2.nodes.script1in2out.Python2Script1In2OutNodeFactory#Python Script (1⇒2)",
                "nrexecs":1,
                "nrfails":1,
                "exectime":4432,
                "nrcreated":4,
                "successor":"org.knime.base.node.preproc.joiner.Joiner2NodeFactory#Joiner"
            },
            {
                "id":"org.knime.python2.nodes.script2in1out.Python2Script2In1OutNodeFactory#Python Script (2⇒1)",
                "nrexecs":100,
                "nrfails":20,
                "exectime":5680805,
                "nrcreated":24,
                "successor":"org.knime.python2.nodes.predictor2.Python2PredictorNodeFactory2#Python Predictor"
            },
            {
                "id":"org.knime.base.node.preproc.colconvert.categorytonumber2.CategoryToNumberNodeFactory2#Category To Number",
                "nrexecs":1,
                "nrfails":0,
                "exectime":169,
                "nrcreated":2,
                "successor":"n/a"
            },
            {
                "id":"org.knime.base.node.preproc.double2int2.DoubleToIntNodeFactory#Double To Int",
                "nrexecs":1,
                "nrfails":0,
                "exectime":17,
                "nrcreated":1,
                "successor":"org.knime.base.node.preproc.partition.PartitionNodeFactory#Partitioning"
            },
            {
                "id":"org.knime.base.node.preproc.joiner.Joiner2NodeFactory#Joiner",
                "nrexecs":24,
                "nrfails":0,
                "exectime":6405,
                "nrcreated":3,
                "successor":"org.knime.base.node.preproc.joiner.Joiner2NodeFactory#Joiner"
            },
            {
                "id":"org.knime.base.node.preproc.append.row.AppendedRowsNodeFactory#Concatenate",
                "nrexecs":6,
                "nrfails":0,
                "exectime":8,
                "nrcreated":2,
                "successor":"org.knime.base.node.viz.property.color.ColorManager2NodeFactory#Color Manager"
            },
            {
                "id":"org.knime.base.node.preproc.pivot.Pivot2NodeFactory#Pivoting",
                "nrexecs":0,
                "nrfails":0,
                "exectime":0,
                "nrcreated":1,
                "successor":"n/a"
            },
            {
                "id":"org.knime.base.node.preproc.columnmerge.ColumnMergerNodeFactory#Column Merger",
                "nrexecs":0,
                "nrfails":0,
                "exectime":0,
                "nrcreated":1,
                "successor":"n/a"
            },
            {
                "id":"org.knime.base.node.preproc.colcombine2.ColCombine2NodeFactory#Column Combiner",
                "nrexecs":0,
                "nrfails":0,
                "exectime":0,
                "nrcreated":1,
                "successor":"n/a"
            },
            {
                "id":"org.knime.python2.nodes.script2in2out.Python2Script2In2OutNodeFactory#Python Script (2⇒2)",
                "nrexecs":0,
                "nrfails":0,
                "exectime":0,
                "nrcreated":1,
                "successor":"n/a"
            },
            {
                "id":"org.knime.base.node.rules.engine.RuleEngineNodeFactory#Rule Engine",
                "nrexecs":0,
                "nrfails":0,
                "exectime":0,
                "nrcreated":2,
                "successor":"n/a"
            },
            {
                "id":"org.knime.base.node.preproc.normalize.NormalizerApplyNodeFactory#Normalizer (Apply)",
                "nrexecs":0,
                "nrfails":0,
                "exectime":0,
                "nrcreated":1,
                "successor":"n/a"
            },
            {
                "id":"org.knime.base.node.preproc.pmml.normalize.NormalizerPMMLNodeFactory2#Normalizer (PMML)",
                "nrexecs":0,
                "nrfails":0,
                "exectime":0,
                "nrcreated":1,
                "successor":"n/a"
            },
            {
                "id":"org.knime.base.node.preproc.pmml.normalize.NormalizerPMMLDeNodeFactory#Denormalizer (PMML)",
                "nrexecs":0,
                "nrfails":0,
                "exectime":0,
                "nrcreated":1,
                "successor":"n/a"
            },
            {
                "id":"org.knime.base.node.preproc.normalize.NormalizerDeNodeFactory#Denormalizer",
                "nrexecs":2,
                "nrfails":0,
                "exectime":16,
                "nrcreated":1,
                "successor":"org.knime.base.node.preproc.filter.column.DataColumnSpecFilterNodeFactory#Column Filter"
            },
            {
                "id":"org.knime.python2.nodes.source.Python2SourceNodeFactory#Python Source",
                "nrexecs":2,
                "nrfails":1,
                "exectime":5724,
                "nrcreated":4,
                "successor":"n/a"
            },
            {
                "id":"de.mpicbg.knime.scripting.python.snippet.PythonSnippetNodeFactory#Python Snippet",
                "nrexecs":0,
                "nrfails":0,
                "exectime":0,
                "nrcreated":1,
                "successor":"n/a"
            },
            {
                "id":"org.knime.bigdata.scripting.nodes.python.hive.PythonScriptHiveNodeFactory#Python Script (Hive)",
                "nrexecs":0,
                "nrfails":0,
                "exectime":0,
                "nrcreated":2,
                "successor":"n/a"
            },
            {
                "id":"org.knime.python2.nodes.db.Python2ScriptDBNodeFactory#Python Script (DB)",
                "nrexecs":0,
                "nrfails":0,
                "exectime":0,
                "nrcreated":1,
                "successor":"n/a"
            },
            {
                "id":"org.knime.ext.osm.node.mapview.OsmMapViewNodeFactory#OSM Map View",
                "nrexecs":25,
                "nrfails":0,
                "exectime":712,
                "nrcreated":5,
                "successor":"n/a"
            },
            {
                "id":"org.knime.base.node.viz.plotter.scatter.ScatterPlotterNodeFactory#Scatter Plot",
                "nrexecs":1,
                "nrfails":0,
                "exectime":79,
                "nrcreated":1,
                "successor":"n/a"
            },
            {
                "id":"org.knime.base.node.viz.property.color.ColorManager2NodeFactory#Color Manager",
                "nrexecs":17,
                "nrfails":0,
                "exectime":39,
                "nrcreated":3,
                "successor":"org.knime.base.node.viz.histogram.node.FixedColumnHistogramNodeFactory#Histogram"
            },
            {
                "id":"org.knime.base.node.meta.looper.condition.LoopStartGenericNodeFactory#Generic Loop Start",
                "nrexecs":1,
                "nrfails":0,
                "exectime":42,
                "nrcreated":3,
                "successor":"n/a"
            },
            {
                "id":"org.knime.base.node.flowvariable.extractvariables.ExtractVariablesDBNodeFactory#Extract Variables (Database)",
                "nrexecs":0,
                "nrfails":0,
                "exectime":0,
                "nrcreated":1,
                "successor":"n/a"
            },
            {
                "id":"org.knime.base.node.flowvariable.extractvariables.ExtractVariablesNodeFactory#Extract Variables (Data)",
                "nrexecs":1,
                "nrfails":0,
                "exectime":1,
                "nrcreated":1,
                "successor":"n/a"
            },
            {
                "id":"org.knime.base.node.meta.looper.condition.LoopEndConditionNodeFactory#Variable Condition Loop End",
                "nrexecs":0,
                "nrfails":0,
                "exectime":0,
                "nrcreated":2,
                "successor":"n/a"
            },
            {
                "id":"org.knime.dynamic.js.v30.DynamicJSNodeFactory#Box Plot (JavaScript)",
                "nrexecs":11,
                "nrfails":0,
                "exectime":131994,
                "nrcreated":3,
                "successor":"n/a"
            },
            {
                "id":"ws.palladian.nodes.extraction.location.MapViewerNodeFactory#MapViewer",
                "nrexecs":0,
                "nrfails":0,
                "exectime":0,
                "nrcreated":2,
                "successor":"n/a"
            },
            {
                "id":"org.knime.ext.osm.node.map2img.OsmMap2ImgNodeFactory#OSM Map to Image",
                "nrexecs":0,
                "nrfails":0,
                "exectime":0,
                "nrcreated":2,
                "successor":"n/a"
            },
            {
                "id":"ws.palladian.nodes.extraction.location.utils.dist.GeoCoordinateDistanceNodeFactory#Geo distances",
                "nrexecs":0,
                "nrfails":0,
                "exectime":0,
                "nrcreated":1,
                "successor":"n/a"
            },
            {
                "id":"org.knime.base.node.jsnippet.JavaEditVarNodeFactory#Java Edit Variable",
                "nrexecs":0,
                "nrfails":0,
                "exectime":0,
                "nrcreated":1,
                "successor":"n/a"
            },
            {
                "id":"org.knime.base.node.meta.looper.LoopStartCountNodeFactory#Counting Loop Start",
                "nrexecs":3,
                "nrfails":0,
                "exectime":40,
                "nrcreated":4,
                "successor":"org.knime.python2.nodes.script.Python2ScriptNodeFactory#Python Script (1⇒1)"
            },
            {
                "id":"org.knime.base.node.meta.looper.LoopEndNodeFactory#Loop End",
                "nrexecs":0,
                "nrfails":0,
                "exectime":0,
                "nrcreated":2,
                "successor":"n/a"
            },
            {
                "id":"org.knime.base.node.meta.looper.variableloopend.VariableLoopEndNodeFactory#Variable Loop End",
                "nrexecs":0,
                "nrfails":0,
                "exectime":0,
                "nrcreated":1,
                "successor":"n/a"
            },
            {
                "id":"com.vernalis.knime.flowcontrol.nodes.loops.loopend3port.ThreePortLoopEndNodeFactory#Loop End (3 ports)",
                "nrexecs":0,
                "nrfails":0,
                "exectime":0,
                "nrcreated":1,
                "successor":"n/a"
            },
            {
                "id":"com.vernalis.knime.flowcontrol.nodes.timedloops.varloopend.VariableTimedLoopEndNodeFactory#Variable Timed Loop End",
                "nrexecs":0,
                "nrfails":0,
                "exectime":0,
                "nrcreated":1,
                "successor":"n/a"
            },
            {
                "id":"org.knime.ext.jep.JEPNodeFactory#Math Formula",
                "nrexecs":10,
                "nrfails":0,
                "exectime":227,
                "nrcreated":1,
                "successor":"org.knime.base.node.preproc.append.row.AppendedRowsNodeFactory#Concatenate"
            },
            {
                "id":"org.knime.ext.jfc.node.histogram.JfcHistogramChartNodeFactory#Histogram Chart (JFreeChart)",
                "nrexecs":3,
                "nrfails":0,
                "exectime":1340,
                "nrcreated":1,
                "successor":"n/a"
            },
            {
                "id":"org.knime.base.node.io.table.write.WriteTableNodeFactory#Table Writer",
                "nrexecs":0,
                "nrfails":0,
                "exectime":0,
                "nrcreated":1,
                "successor":"n/a"
            },
            {
                "id":"org.knime.base.node.image.writeimage.WriteImageNodeFactory#Image Port Writer",
                "nrexecs":0,
                "nrfails":0,
                "exectime":0,
                "nrcreated":1,
                "successor":"n/a"
            },
            {
                "id":"org.knime.base.node.viz.histogram.node.FixedColumnHistogramNodeFactory#Histogram",
                "nrexecs":6,
                "nrfails":0,
                "exectime":35,
                "nrcreated":1,
                "successor":"n/a"
            },
            {
                "id":"org.knime.base.node.viz.property.color.ColorAppender2NodeFactory#Color Appender",
                "nrexecs":0,
                "nrfails":0,
                "exectime":0,
                "nrcreated":1,
                "successor":"n/a"
            },
            {
                "id":"org.knime.base.node.io.csvwriter.CSVWriterNodeFactory#CSV Writer",
                "nrexecs":18,
                "nrfails":4,
                "exectime":257,
                "nrcreated":1,
                "successor":"n/a"
            },
            {
                "id":"org.knime.base.node.viz.property.shape.ShapeManagerNodeFactory#Shape Manager",
                "nrexecs":0,
                "nrfails":0,
                "exectime":0,
                "nrcreated":3,
                "successor":"n/a"
            },
            {
                "id":"org.knime.base.node.viz.property.shape.ShapeAppenderNodeFactory#Shape Appender",
                "nrexecs":0,
                "nrfails":0,
                "exectime":0,
                "nrcreated":1,
                "successor":"n/a"
            }
        ],
        "metaNodes":{
            "nrexecs":0,
            "nrfails":0,
            "exectime":0,
            "nrcreated":0
        },
        "wrappedNodes":{
        }
    },
    "uptime":41804234,
    "workflowsOpened":70,
    "remoteWorkflowsOpened":0,
    "launches":9,
    "timeSinceLastStart":9999628,
    "crashes":2,
    "properlyShutDown":true
}