<?xml version="1.0" encoding="UTF-8"?>
<config xmlns="http://www.knime.org/2008/09/XMLConfig" xmlns:xsi="http://www.w3.org/2001/XMLSchema-instance" xsi:schemaLocation="http://www.knime.org/2008/09/XMLConfig http://www.knime.org/XMLConfig_2008_09.xsd" key="filestore">
<config key="filestore_keys">
<config key="filestore_key_0">
<entry key="storeUUID" type="xstring" value="4e5944ba-dcf9-4a19-a1fc-57424d1fac4f"/>
<entry key="index" type="xint" value="0"/>
<entry key="name" type="xstring" value="8c7aeb48-5e0c-41c6-b3ed-834214f0bd3b"/>
<entry key="iterationIndex" type="xint" value="-1"/>
</config>
</config>
</config>
