<?xml version="1.0" encoding="UTF-8"?>
<config xmlns="http://www.knime.org/2008/09/XMLConfig" xmlns:xsi="http://www.w3.org/2001/XMLSchema-instance" xsi:schemaLocation="http://www.knime.org/2008/09/XMLConfig http://www.knime.org/XMLConfig_2008_09.xsd" key="model.xml">
<entry key="version" type="xint" value="1"/>
<entry key="class_name" type="xstring" value="org.knime.base.data.normalize.NormalizerPortObject"/>
<config key="model">
<config key="columns">
<config key="pathBTS1">
<entry key="column_name" type="xstring" value="pathBTS1"/>
<entry key="column_scale" type="xdouble" value="0.08352461259612005"/>
<entry key="column_translate" type="xdouble" value="-9.784923427851902"/>
<entry key="column_min" type="xdouble" value="NaN"/>
<entry key="column_max" type="xdouble" value="NaN"/>
</config>
<config key="pathBTS2">
<entry key="column_name" type="xstring" value="pathBTS2"/>
<entry key="column_scale" type="xdouble" value="0.06004768143853636"/>
<entry key="column_translate" type="xdouble" value="-7.157497772452366"/>
<entry key="column_min" type="xdouble" value="NaN"/>
<entry key="column_max" type="xdouble" value="NaN"/>
</config>
<config key="pathBTS3">
<entry key="column_name" type="xstring" value="pathBTS3"/>
<entry key="column_scale" type="xdouble" value="0.10959658534806788"/>
<entry key="column_translate" type="xdouble" value="-13.579131393078256"/>
<entry key="column_min" type="xdouble" value="NaN"/>
<entry key="column_max" type="xdouble" value="NaN"/>
</config>
<config key="pathBTS4">
<entry key="column_name" type="xstring" value="pathBTS4"/>
<entry key="column_scale" type="xdouble" value="0.0811508541728288"/>
<entry key="column_translate" type="xdouble" value="-9.44577937001868"/>
<entry key="column_min" type="xdouble" value="NaN"/>
<entry key="column_max" type="xdouble" value="NaN"/>
</config>
<config key="pathBTS5">
<entry key="column_name" type="xstring" value="pathBTS5"/>
<entry key="column_scale" type="xdouble" value="0.08090374857370344"/>
<entry key="column_translate" type="xdouble" value="-9.861693134907147"/>
<entry key="column_min" type="xdouble" value="NaN"/>
<entry key="column_max" type="xdouble" value="NaN"/>
</config>
<config key="pathBTS6">
<entry key="column_name" type="xstring" value="pathBTS6"/>
<entry key="column_scale" type="xdouble" value="0.043107853225426096"/>
<entry key="column_translate" type="xdouble" value="-5.439465878450769"/>
<entry key="column_min" type="xdouble" value="NaN"/>
<entry key="column_max" type="xdouble" value="NaN"/>
</config>
</config>
<entry key="summary" type="xstring" value="Z-Score (Gaussian) normalization on 6 column(s)"/>
</config>
</config>
