<?xml version="1.0" encoding="UTF-8"?>
<config xmlns="http://www.knime.org/2008/09/XMLConfig" xmlns:xsi="http://www.w3.org/2001/XMLSchema-instance" xsi:schemaLocation="http://www.knime.org/2008/09/XMLConfig http://www.knime.org/XMLConfig_2008_09.xsd" key="filestore">
<config key="filestore_keys">
<config key="filestore_key_0">
<entry key="storeUUID" type="xstring" value="66fd68b0-0a2a-44df-b3ec-0aceccd05593"/>
<entry key="index" type="xint" value="0"/>
<entry key="name" type="xstring" value="b8528c4f-7ff8-418e-9b6c-cf58c98b534e"/>
<entry key="iterationIndex" type="xint" value="-1"/>
</config>
</config>
</config>
