<?xml version="1.0" encoding="UTF-8"?>
<config xmlns="http://www.knime.org/2008/09/XMLConfig" xmlns:xsi="http://www.w3.org/2001/XMLSchema-instance" xsi:schemaLocation="http://www.knime.org/2008/09/XMLConfig http://www.knime.org/XMLConfig_2008_09.xsd" key="filestore">
<config key="filestore_keys">
<config key="filestore_key_0">
<entry key="storeUUID" type="xstring" value="18b76f7b-ac7d-40c1-b8c2-5670c94741c9"/>
<entry key="index" type="xint" value="0"/>
<entry key="name" type="xstring" value="da27c3b3-abe4-440f-8ea4-6c32609a9581"/>
<entry key="iterationIndex" type="xint" value="-1"/>
</config>
</config>
</config>
