<?xml version="1.0" encoding="UTF-8"?>
<config xmlns="http://www.knime.org/2008/09/XMLConfig" xmlns:xsi="http://www.w3.org/2001/XMLSchema-instance" xsi:schemaLocation="http://www.knime.org/2008/09/XMLConfig http://www.knime.org/XMLConfig_2008_09.xsd" key="filestore">
<config key="filestore_keys">
<config key="filestore_key_0">
<entry key="storeUUID" type="xstring" value="1d0735ba-f882-4138-ba4e-e92ecff9e90d"/>
<entry key="index" type="xint" value="0"/>
<entry key="name" type="xstring" value="39a8190a-99a3-42ff-9dc4-a66aec4117ab"/>
<entry key="iterationIndex" type="xint" value="-1"/>
</config>
</config>
</config>
