<?xml version="1.0" encoding="UTF-8"?>
<config xmlns="http://www.knime.org/2008/09/XMLConfig" xmlns:xsi="http://www.w3.org/2001/XMLSchema-instance" xsi:schemaLocation="http://www.knime.org/2008/09/XMLConfig http://www.knime.org/XMLConfig_2008_09.xsd" key="filestore">
<config key="filestore_keys">
<config key="filestore_key_0">
<entry key="storeUUID" type="xstring" value="43e53752-e631-45c0-a9b3-03d593ca404a"/>
<entry key="index" type="xint" value="0"/>
<entry key="name" type="xstring" value="c93337de-b192-4e42-90b7-b3e4a3937197"/>
<entry key="iterationIndex" type="xint" value="-1"/>
</config>
</config>
</config>
